family,threatened,naturalized,invasive,species,vetted,hybrids,animal,asexual,climate.sum,herbaceous,fleshy.fruit,annual,Age (Ma),Range size (km2 x 106)
Acanthaceae,273,109,37,3947,426,4,1,0,3,0.5,0,1,42.63,79.941
Achariaceae,0,2,1,101,4,0,1,0,1,1,0,0,76.73,0.54
Achatocarpaceae,0,0,0,11,0,0,1,0,2,0,1,0,39.49,11.747
Acoraceae,0,2,2,2,2,0,1,0,3,1,0.5,0,132.89,28.159
Actinidiaceae,29,5,0,176,46,1,1,0,3,0,0.5,0,64.66,15.226
Adoxaceae,2,32,12,194,2,9,1,1,1,1,1,0,86.27,36.029
Aextoxicaceae,0,0,0,1,0,0,1,0,1,0,0,0,93.59,0.315
Aizoaceae,14,63,20,2271,38,5,1,0,2,1,0.5,1,30.64,94.456
Akaniaceae,1,0,0,2,1,0,1,0,1,0,0,0,34.64,2.333
Alismataceae,6,23,10,120,34,5,1,0,3,1,0,1,97.47,97.77
Alseuosmiaceae,1,0,0,6,1,0,1,0,2,0,1,0,61.37,1.647
Alstroemeriaceae,12,3,1,259,15,5,1,0,3,1,0.5,0,63.42,11.318
Altingiaceae,1,1,1,19,5,0,1,0,3,0,0,0,101.63,6.904
Amaranthaceae,26,254,121,2052,38,107,1,1,3,0.5,0.5,1,39.49,110.899
Amaryllidaceae,73,127,29,2258,181,174,1,0,3,1,0.5,0,39,114.875
Amborellaceae,0,0,0,1,0,0,1,0,1,0,0,0,159.6,0.001
Anacampserotaceae,0,0,0,58,0,0,1,0,2,0,0,0,28.06,2.757
Anacardiaceae,90,33,17,701,166,7,1,1,2,0,0.5,0,42.88,68.387
Anarthriaceae,0,0,0,11,0,0,0,0,1,1,0,0,59.19,0.506
Ancistrocladaceae,3,0,0,21,3,0,1,0,1,0,0,0,47.25,8.437
Anisophylleaceae,13,0,0,39,17,0,1,0,1,0,0.5,0,69.27,11.754
Annonaceae,202,13,7,2106,371,8,1,0,2,0,1,0,78.89,42.594
Aphanopetalaceae,0,1,0,2,0,0,1,0,1,0,0,0,64.67,0.454
Aphloiaceae,0,0,0,2,0,0,1,0,1,0,0,0,108.93,2.062
Apiaceae,74,179,60,3257,167,31,1,1,4,1,0,1,56.91,102.921
Apocynaceae,206,92,51,5556,294,60,1,1,3,0.5,0.5,1,67.05,110.495
Apodanthaceae,0,0,0,26,0,0,1,0,3,1,1,0,72,23.159
Aponogetonaceae,14,3,1,58,33,0,1,0,2,1,0,0,111.51,22.903
Aquifoliaceae,75,9,7,480,144,6,1,0,3,0,1,0,77.03,36.905
Araceae,109,83,42,3368,239,81,1,1,3,1,0.5,1,122.32,115.302
Araliaceae,177,40,26,1533,243,3,1,0,3,0.5,0.5,0,69.44,73.862
Arecaceae,359,61,38,2522,584,22,1,0,2,0,0.5,0,106.87,66.972
Argophyllaceae,0,0,0,22,1,1,1,0,3,0,0,0,55.01,1.125
Aristolochiaceae,30,20,7,624,31,1,1,0,3,0.5,0.5,0,120.18,87.91
Asparagaceae,53,144,44,2929,133,76,1,0,3,0.5,1,0,43.8,105.419
Asteliaceae,2,0,0,37,2,0,1,0,3,1,0.5,0,74.83,0.598
Asteraceae,648,1508,470,32913,1029,818,1,1,4,0.5,0,1,42.31,132.163
Asteropeiaceae,6,0,0,8,8,0,1,0,1,0,0,0,25.57,0.332
Atherospermataceae,0,0,0,20,0,0,1,0,3,0,0,0,97.44,1.255
Austrobaileyaceae,0,0,0,1,0,0,1,0,1,0,1,0,140.83,0.603
Balanopaceae,1,0,0,9,1,0,1,0,2,0,0,0,63.03,0.128
Balanophoraceae,0,0,0,45,0,0,1,1,2,1,0,1,114.5,37.568
Balsaminaceae,59,11,7,488,76,2,1,0,3,1,0.5,1,69.84,89.224
Barbeuiaceae,0,0,0,1,0,0,1,0,1,0,0,0,30.64,0.239
Barbeyaceae,0,0,0,1,0,0,0,0,1,0,0,0,54.97,0.756
Basellaceae,0,5,3,19,0,0,1,0,1,1,0,0,28.06,37.005
Bataceae,0,1,0,2,0,0,1,0,1,0,1,0,33.66,3.623
Begoniaceae,72,22,20,1601,80,67,1,0,2,1,0.5,1,48.1,47.686
Berberidaceae,30,27,29,755,36,82,1,0,2,1,1,0,87.26,52.194
Berberidopsidaceae,0,0,0,2,0,0,1,0,3,0,1,0,93.59,0.282
Betulaceae,19,25,32,234,116,60,0,1,1,0,0,0,33.22,71.392
Biebersteiniaceae,0,0,0,5,0,0,1,0,2,1,0,0,65.52,4.243
Bignoniaceae,42,50,25,852,53,5,1,1,3,0.5,0.5,0,45.25,62.759
Bixaceae,0,3,1,23,0,0,1,0,2,0,0,0,73.88,8.042
Blandfordiaceae,0,0,0,4,0,1,1,0,1,1,0,0,74.83,0.536
Bonnetiaceae,12,0,0,36,14,0,1,0,1,0,0,0,57.47,15.579
Boraginaceae,39,200,59,2686,53,57,1,1,3,0.5,0.5,1,85.47,119.474
Boryaceae,0,0,0,12,0,0,1,0,2,0,0,0,86.57,1.052
Brassicaceae,98,303,126,4060,152,169,1,1,4,1,0,1,50.5,127.202
Bromeliaceae,149,24,6,3320,221,105,1,0,2,1,0.5,0,74.36,22.561
Brunelliaceae,18,0,0,60,21,0,1,0,1,0,0,0,49.65,4.198
Bruniaceae,0,0,0,92,0,0,1,0,2,0,0,0,88.86,0.722
Burmanniaceae,2,0,0,163,9,0,1,1,3,1,0,1,100.71,61.48
Burseraceae,60,5,0,649,105,0,1,1,2,0,0.5,0,42.88,50.186
Butomaceae,0,2,1,2,1,0,1,0,1,1,0,0,70.23,16.387
Buxaceae,10,6,4,122,17,0,1,1,3,0,0.5,0,124.39,12.925
Byblidaceae,1,0,0,7,6,0,1,0,2,1,0,0,52.07,1.586
Cabombaceae,0,4,1,6,1,0,1,0,3,1,0,0,154.26,11.843
Cactaceae,415,89,47,2233,1348,146,1,1,3,1,1,0,28.06,38.381
Calceolariaceae,0,4,2,281,0,14,1,0,3,0.5,0,0,57.11,5.186
Calophyllaceae,46,1,1,127,70,0,1,0,1,0,0,0,44.06,11.071
Calycanthaceae,0,3,2,10,0,0,1,1,2,0,0,0,119.24,6.343
Calyceraceae,1,2,1,56,1,0,1,0,2,1,0,1,42.31,4.587
Campanulaceae,205,79,35,2385,243,39,1,0,4,0.5,0.5,1,64.8,131.834
Campynemataceae,0,0,0,4,0,0,1,0,2,1,0,0,103.92,0.099
Canellaceae,6,0,0,21,6,0,1,0,1,0,1,0,106.76,2.787
Cannabaceae,4,11,11,102,22,1,1,1,1,0.5,0,1,41.48,41.104
Cannaceae,0,5,5,12,0,5,1,0,2,1,0,0,66.49,16.499
Capparaceae,17,7,1,449,26,0,1,1,3,0,0.5,1,50.5,76.662
Caprifoliaceae,12,90,35,857,28,71,1,0,3,0.5,0.5,0,86.27,48.444
Cardiopteridaceae,0,0,0,46,0,0,1,0,2,1,0,0,90.15,20.741
Caricaceae,3,3,1,47,7,1,1,1,2,0,1,0,66.85,14.827
Carlemanniaceae,0,0,0,5,0,0,1,0,1,1,0.5,0,58.89,4.396
Caryocaraceae,5,0,0,26,7,0,1,0,1,0,0.5,0,68.38,9.085
Caryophyllaceae,77,207,79,2456,110,90,1,0,4,0.5,0,1,40.51,127.678
Casuarinaceae,0,10,3,91,2,0,0,1,3,0,0,0,33.22,8.216
Celastraceae,84,26,10,1168,128,1,1,1,3,0,0.5,0,41.98,128.442
Centrolepidaceae,0,1,0,36,0,0,1,0,1.929832652,1,0,1,59.19,5.166
Centroplacaceae,0,0,0,8,0,0,1,0,1.06466906,0,1,0,68.38,4.826
Cephalotaceae,1,0,0,1,1,0,1,0,2,1,0,0,49.65,0.057
Ceratophyllaceae,0,3,3,4,3,0,0,0,3,1,0,0,143.83,87.705
Cercidiphyllaceae,0,1,0,2,1,0,0,0,1,0,0,0,87.83,1.544
Chloranthaceae,4,2,0,71,7,0,1,0,2,0.5,1,1,143.83,29.006
Chrysobalanaceae,41,4,1,535,60,0,1,0,2,0,1,0,63.03,32.755
Circaeasteraceae,0,0,0,2,0,0,1,0,1,1,0,1,105.31,1.847
Cistaceae,8,12,6,201,10,138,1,0,3,1,0,1,67.47,30.471
Cleomaceae,0,17,9,257,0,1,1,0,2,0.5,0,1,50.5,102.104
Clethraceae,14,3,1,85,24,0,1,0,3,0,0,0,78.13,16.033
Clusiaceae,62,11,3,1047,104,1,1,1,3,0,0.5,1,58.92,85.509
Colchicaceae,8,3,2,284,21,3,1,1,1,1,0,0,53.31,60.063
Columelliaceae,0,0,0,8,0,0,1,0,1,0,0,0,88.86,0.937
Combretaceae,31,18,7,480,47,1,1,1,2,0,0.5,0,74.03,35.738
Commelinaceae,7,49,17,728,34,3,1,0,2,1,0.5,1,66.01,62.489
Connaraceae,7,0,0,267,10,0,1,0,1,0,0,0,63.16,35.755
Convolvulaceae,19,151,67,1296,47,14,1,0,3,0.5,0.5,1,61.88,114.556
Coriariaceae,0,1,1,16,1,2,1,0,3,0,0,0,60.76,9.209
Cornaceae,6,10,11,124,26,9,1,0,3,0.5,0.5,0,96.33,72.43
Corsiaceae,0,0,0,27,0,0,1,0,2,1,0,0,103.92,1.957
Corynocarpaceae,0,1,1,5,0,0,1,0,2,0,1,0,60.76,1.276
Costaceae,6,7,3,139,20,0,1,0,1,1,0.5,0,66.49,33.975
Crassulaceae,12,120,31,1482,32,169,1,0,4,1,0,1,81.69,88.107
Crossosomataceae,0,0,0,8,0,0,1,0,2,0,0,0,31.89,3.476
Ctenolophonaceae,0,0,0,2,0,0,1,0,1.870568191,0,1,0,64.95,4.19
Cucurbitaceae,6,50,28,965,8,4,1,1,3,1,0.5,1,48.1,92.99
Cunoniaceae,51,1,0,245,118,3,1,0,3,0,0.5,0,53.15,25.951
Curtisiaceae,0,0,0,1,0,0,1,0,2,0,1,0,96.33,0.889
Cyclanthaceae,17,1,1,231,24,0,1,0,2,0.5,1,0,67.17,10.162
Cymodoceaceae,0,1,0,16,13,0,0,0,2,1,0.5,0,,
Cynomoriaceae,0,0,0,1,0,0,1,0,2,1,0,0,72,2.54
Cyperaceae,98,340,73,5784,658,317,0,0,4,1,0,1,44,131.486
Cyrillaceae,0,1,0,8,0,0,1,1,2,0,0.5,0,76.81,6.307
Cytinaceae,0,0,0,11,0,0,1,0,3,1,1,0,67.47,5.423
Daphniphyllaceae,0,0,1,34,3,0,1,0,3,0,1,0,87.83,8.64
Dasypogonaceae,0,0,0,16,0,0,1,0,1,1,0,0,106.87,0.588
Datiscaceae,0,0,0,2,0,0,0,0,3,1,0,0,53.93,15.96
Degeneriaceae,0,0,0,2,0,0,1,0,1,0,0,0,80.44,0.017
Diapensiaceae,0,2,0,12,0,1,1,0,2,1,0,0,60.78,18.882
Dichapetalaceae,19,0,0,196,31,0,1,0,2,0,0.5,0,63.03,31.327
Didiereaceae,0,1,0,22,1,0,1,0,1,0,0,0,28.06,1.218
Dilleniaceae,17,2,1,219,38,0,1,0,3,0,0,0,114.5,47.819
Dioncophyllaceae,0,0,0,3,0,0,1,0,1,0,0,0,47.25,1.887
Dioscoreaceae,23,12,5,653,61,2,1,1,3,1,0.5,0,100.71,51.407
Dipentodontaceae,1,0,0,21,4,0,1,0,2,0,0,0,92.72,2.041
Dipterocarpaceae,376,0,0,147,405,0,1,1,1,0,0,0,67.47,19.384
Dirachmaceae,2,0,0,2,2,0,1,0,1,0,0,0,54.97,0.112
Doryanthaceae,0,1,0,2,0,0,1,0,2,1,0,0,74.94,0.221
Droseraceae,9,10,1,189,133,10,1,0,4,1,0,1,66.52,94.916
Drosophyllaceae,0,0,0,1,0,0,1,0,1,1,0,0,64.26,0.196
Ebenaceae,81,10,3,751,186,0,1,0,3,0,0.5,0,88.36,58.311
Ecdeiocoleaceae,0,0,0,3,0,0,0,0,2,1,0,0,40.95,0.529
Elaeagnaceae,2,8,6,108,7,5,1,0,3,0,0,0,64.04,50.128
Elaeocarpaceae,40,3,2,644,51,1,1,0,3,0,0.5,0,53.15,26.982
Elatinaceae,1,7,2,57,15,0,1,0,3,1,0,1,57.38,111.711
Emblingiaceae,0,0,0,1,0,0,1,0,2,1,0,0,43.45,0.152
Ericaceae,26,70,13,3554,80,195,1,0,4,0,0.5,0,76.81,131.509
Eriocaulaceae,32,7,0,1206,94,1,0,0,3,1,0,1,65.19,53.374
Erythroxylaceae,9,2,0,267,10,1,1,1,2,0,1,0,76.37,42.071
Escalloniaceae,8,3,0,55,13,12,1,0,3,0,0.5,0,79.13,12.923
Eucommiaceae,1,1,0,1,1,0,0,0,1,0,0,0,89.59,2.177
Euphorbiaceae,320,196,79,6547,496,61,1,1,3,0.5,0.5,1,57.38,122.052
Euphroniaceae,0,0,0,4,0,0,1,0,1,0,0,0,63.03,0.335
Eupomatiaceae,0,0,0,3,0,0,1,0,3,0,1,0,78.89,0.945
Eupteleaceae,0,0,0,2,0,0,0,0,1,0,0,0,118.9,2.523
Fabaceae,887,1113,449,24505,2154,169,1,1,4,0.5,0.5,1,63.8,131.344
Fagaceae,70,32,11,1101,275,216,0,0,3,0,0,0,63.81,55.403
Flagellariaceae,0,0,0,4,0,0,0,0,2,0.5,1,0,74.31,22.902
Fouquieriaceae,8,0,0,12,10,0,1,0,1,0,0,0,75.74,1.651
Frankeniaceae,1,3,1,73,1,3,1,0,2,1,0,1,44.79,13.901
Garryaceae,0,1,1,25,1,1,0,0,1,0,0.5,0,89.59,5.129
Geissolomataceae,0,0,0,1,0,0,1,0,2,0,0,0,72.25,0.074
Gelsemiaceae,0,1,0,13,0,0,1,0,2,0,0,0,64.18,21.076
Gentianaceae,57,39,8,1682,104,45,1,0,4,1,0.5,1,61.45,116.677
Geraniaceae,18,83,21,841,22,653,1,0,4,1,0,1,103.86,90.398
Gerrardinaceae,0,0,0,2,0,0,1,0,2,0,0.5,0,92.72,0.084
Gesneriaceae,142,6,3,3122,184,121,1,0,3,1,0.5,0,57.11,40.244
Gisekiaceae,0,1,0,7,0,0,1,0,2,1,0,1,30.64,27.375
Gomortegaceae,1,0,0,1,1,0,1,0,1,0,1,0,97.44,0.111
Goodeniaceae,4,2,1,329,6,1,1,0,3,0.5,0.5,1,42.31,15.77
Goupiaceae,0,0,0,2,0,0,1,0,1,0,1,0,58.68,1.093
Grossulariaceae,4,17,5,195,6,34,1,1,3,0,1,0,76.6,0.99
Grubbiaceae,0,0,0,3,0,0,1,0,2,0,0,0,70.85,51.767
Guamatelaceae,0,0,0,1,0,0,1,0,1,0,0,0,96.33,0.166
Gunneraceae,1,3,1,69,2,1,1,0,3,1,0.5,0,119.56,6.877
Gyrostemonaceae,0,0,0,17,0,0,1,0,3,0,0.5,0,50.5,6.431
Haemodoraceae,0,4,1,101,1,0,1,0,3,1,0,0,77.85,20.404
Halophytaceae,0,0,0,1,0,0,1,0,1,1,1,1,28.06,0.214
Haloragaceae,3,15,4,92,21,0,1,0,3,1,0,0,64.67,103.778
Hamamelidaceae,9,3,0,99,12,3,0,0,3,0,0,0,101.63,34.268
Hanguanaceae,0,0,1,10,1,0,1,0,1,1,1,0,90.95,3.17
Haptanthaceae,0,0,0,1,0,0,1,0,1,0,0,0,124.39,0.043
Heliconiaceae,15,6,1,204,17,4,1,0,1,1,1,0,66.49,16.256
Helwingiaceae,0,0,0,4,0,0,1,0,1,0,1,0,77.03,2.757
Hernandiaceae,8,0,0,51,13,0,1,0,2,0,0,0,116.67,31.517
Himantandraceae,0,0,0,1,0,0,1,0,1,0,1,0,80.44,1.168
Huaceae,1,0,0,4,1,0,1,0,1,0,0,0,86.27,3.762
Humiriaceae,5,0,0,63,6,0,1,0,1,0,1,0,70.89,17.484
Hydatellaceae,0,0,0,12,0,0,0,0.5,2,1,0,1,65.19,1.08
Hydnoraceae,0,0,0,10,0,0,1,0,2,1,1,0,120.18,14.579
Hydrangeaceae,4,21,8,237,6,21,1,0,2,0.5,0.5,0,78.39,23.023
Hydrocharitaceae,6,29,15,133,64,0,1,0,3,1,0.5,1,70.23,109.97
Hydroleaceae,0,4,1,11,1,0,1,0,2.010682353,1,0,0,56.65,43.97
Hydrostachyaceae,9,0,0,19,16,0,1,0,3,1,0,0,96.33,8.379
Hypericaceae,15,51,12,584,40,19,1,1,3,0.5,0.5,0,44.06,72.696
Hypoxidaceae,2,4,2,154,4,0,1,0,3,1,0.5,0,74.83,56.073
Icacinaceae,5,1,0,212,5,0,1,0,2,0,0.5,0,98.57,39.437
Iridaceae,50,176,37,2315,122,87,1,0,3,1,0,1,78.09,73.134
Irvingiaceae,0,0,0,11,0,0,1,0,1,0,0.5,0,73.59,9.185
Iteaceae,0,0,0,19,0,0,1,0,3,0,0,0,70.85,13.788
Ixioliriaceae,0,0,0,4,0,0,1,0,2,1,0,0,74.94,3.218
Ixonanthaceae,2,0,0,20,4,0,1,0,1,0,0,0,76.73,22.309
Joinvilleaceae,0,0,0,4,0,0,0,0,1,1,1,0,44.08,0.374
Juglandaceae,13,17,7,89,37,18,0,1,3,0,0.5,0,51.01,46.13
Juncaceae,6,78,17,506,65,43,0,0,2,1,0,1,44,104.081
Juncaginaceae,0,4,0,35,4,0,0,0,3,1,0,1,60.7,68.546
Kirkiaceae,0,0,0,5,0,0,1,0,2,0,0,0,55.64,3.802
Koeberliniaceae,0,0,0,2,0,0,1,0,3,0,1,0,55.21,0.654
Krameriaceae,0,0,0,25,0,0,1,0,3,1,0,0,94.24,10.788
Lacistemataceae,0,0,0,13,0,0,1,0,2,0,0,0,58.04,14.138
Lactoridaceae,0,0,0,1,0,0,1,0,1,0,0,0,120.18,0
Lamiaceae,163,358,98,7886,281,524,1,0,4,0.5,0.5,1,39.73,127.702
Lanariaceae,0,0,0,1,0,0,1,0,1,1,0,0,74.83,0.129
Lardizabalaceae,0,2,1,37,0,1,1,0,2,0,1,0,105.31,5.864
Lauraceae,241,16,11,2978,329,1,1,1,3,0,0.5,0,99.81,60.169
Lecythidaceae,90,4,3,341,105,0,1,1,2,0,0.5,0,90.56,38.279
Lentibulariaceae,11,9,1,312,187,3,1,0,4,1,0,1,52.07,102.018
Lepidobotryaceae,0,0,0,2,0,0,1,0,1,0,0,0,65.27,2.045
Liliaceae,24,34,6,746,64,24,1,1,4,1,0,1,63.33,48.893
Limeaceae,0,0,0,20,0,0,1,0,2,1,0,0,30.87,25.373
Limnanthaceae,0,1,0,9,0,0,1,0,1,1,0,1,65.4,5.716
Linaceae,5,21,6,213,6,2,1,0,4,0.5,0.5,1,76.73,92.803
Linderniaceae,4,16,4,164,33,0,1,0,3,1,0,0,52.07,46.087
Loasaceae,14,4,2,314,16,1,1,0,3,0.5,0,1,78.39,20.871
Loganiaceae,21,4,1,351,34,0,1,0,3,1,0,1,61.45,56.956
Lophiocarpaceae,0,0,0,5,0,0,1,0,2,1,0,0,,
Lophopyxidaceae,0,0,0,1,0,0,1,0,1,0,0,0,66.05,0.953
Loranthaceae,29,1,3,886,38,2,1,0,3,0,0.5,0,114.5,61.207
Lowiaceae,1,0,0,17,1,0,1,0,2,1,0,0,65.83,2.415
Lythraceae,32,50,21,604,82,10,1,0,3,0.5,0,1,64.9,98.009
Magnoliaceae,148,14,1,250,208,19,1,1,3,0,0.5,0,94.25,15.722
Malpighiaceae,24,10,5,1301,34,0,1,1,2,0,0.5,0,73.49,46.813
Malvaceae,249,226,91,4465,390,156,1,1,4,0.5,0.5,1,65.83,119.809
Marantaceae,20,10,3,569,28,0,1,0,2,1,0.5,0,66.49,40.347
Marcgraviaceae,4,0,0,137,4,0,1,0,1,0,0.5,0,65.43,15.751
Martyniaceae,0,5,2,21,0,0,1,0,2,1,0.5,1,53.17,10.903
Mayacaceae,0,1,0,6,0,0,1,0,2,1,0,0,74.36,15.515
Melanthiaceae,0,9,0,181,2,6,1,1,2,1,0,1,89.47,47.29
Melastomataceae,341,32,14,4079,427,2,1,1,2,0.5,0.5,1,66.48,51.524
Meliaceae,157,16,10,669,247,1,1,1,2,0,0.5,0,49.35,61.414
Melianthaceae,2,3,0,20,2,0,1,0,2,0,0,0,101.48,13.873
Menispermaceae,13,7,4,448,20,0,1,0,3,0.5,0.5,0,103.69,57.902
Menyanthaceae,8,6,5,55,21,1,1,0,1,1,0.5,0,57.3,126.296
Metteniusaceae,8,0,0,3,11,0,1,0,2,0,0,0,98.57,1.685
Misodendraceae,0,0,0,8,0,0,1,0,1,1,0,0,75,0.449
Mitrastemonaceae,0,0,0,2,0,0,1,0,2,1,0.5,0,82.17,0.89
Molluginaceae,1,10,3,103,6,0,1,0,3,1,0,1,28.06,63.927
Monimiaceae,12,0,0,134,18,0,1,0,3,0,0,0,99.81,28.366
Montiaceae,0,9,2,113,0,2,1,0,3,1,0.5,0,28.06,27.106
Montiniaceae,0,0,0,4,0,0,1,0,2,0,0,0,67.66,3.006
Moraceae,53,43,22,1217,151,3,0,1,2,0.5,0.5,1,25.23,98.762
Moringaceae,1,2,1,13,3,0,1,0,3,0,0,0,66.85,4.379
Muntingiaceae,0,1,1,3,0,0,1,0,1,0,1,0,67.47,15.535
Musaceae,1,10,5,78,5,4,1,0,1,1,1,0,66.49,24.801
Myodocarpaceae,0,1,0,15,0,0,1,0,3,0,1,0,56.91,0.12
Myricaceae,4,6,4,53,7,2,0,0,3,0,0.5,0,51.01,72.925
Myristicaceae,160,2,0,170,226,0,1,0,1,0,0.5,0,101.54,36.041
Myrothamnaceae,0,0,0,2,0,0,0,0,1,0,0,0,119.56,4.14
Myrtaceae,334,151,62,5970,548,115,1,1,3,0,0.5,0,80.91,64.941
Nartheciaceae,0,0,0,36,2,1,1,0,4,1,0,0,114.17,7.155
Nelumbonaceae,0,2,2,2,1,0,1,0,2,1,0,0,126.14,6.806
Nepenthaceae,46,0,0,7,117,36,1,0,1,1,0,0,66.52,6.786
Neuradaceae,0,1,0,7,0,0,1,0,2,1,0,1,73.88,7.076
Nitrariaceae,0,1,1,12,1,0,1,0,3,0.5,1,0,65.52,18.269
Nothofagaceae,11,2,0,38,37,7,1,0,3,0,0,0,71.64,2.342
Nyctaginaceae,11,19,13,450,19,3,1,0,3,0.5,0,1,30.64,59.818
Nymphaeaceae,2,15,7,70,15,25,1,0,3,1,1,0,154.26,95.54
Ochnaceae,14,7,1,560,27,1,1,0,2,0.5,0.5,1,76.73,40.371
Olacaceae,6,1,0,149,20,0,1,0,2,0,0.5,0,114.5,43.962
Oleaceae,37,71,28,688,86,23,1,0,3,0,0.5,0,58.89,104.068
Onagraceae,9,168,44,832,37,195,1,1,4,0.5,0.5,1,64.9,120.587
Oncothecaceae,0,0,0,1,0,0,1,0,1,0,1,0,103.08,0.017
Opiliaceae,2,0,0,33,2,0,1,0,1,0,1,0,114.5,43.42
Orchidaceae,654,48,8,27801,1172,1695,1,1,4,1,0.5,0,96.49,118.75
Orobanchaceae,0,58,20,1613,0,66,1,1,3,1,0,1,41.7,131.967
Oxalidaceae,10,56,15,601,17,1,1,0,3,1,0,1,63.16,95.547
Paeoniaceae,1,4,0,36,2,11,1,1,1,1,0,0,101.63,13.926
Pandaceae,0,0,0,17,0,0,1,0,1,0,0.5,0,66.05,15.592
Pandanaceae,26,6,0,1062,41,1,0,0,2,0,0.5,0,67.17,13.077
Papaveraceae,8,82,35,920,13,44,0,0,3,0.5,0,1,123.86,71.955
Paracryphiaceae,0,0,0,29,0,0,1,0,1,0,0,0,69.43,2.019
Passifloraceae,26,42,18,932,43,24,1,0,2,0,0.5,1,76.37,51.713
Paulowniaceae,0,1,1,20,0,2,1,0,3,0,0,0,41.7,2.584
Pedaliaceae,0,6,2,67,2,0,1,0,2,1,0,1,45.25,39.064
Penaeaceae,0,0,0,45,0,0,1,0,1,0,0,0,55.12,5.202
Pennantiaceae,1,0,0,1,1,0,1,0,3,0,0.5,0,86.91,0.667
Pentadiplandraceae,0,0,0,1,0,0,1,0,1,0,1,0,49.16,3.62
Pentaphragmataceae,0,0,0,2,0,0,1,0,1,1,1,0,72.9,3.758
Pentaphylacaceae,64,1,3,429,74,0,1,0,1,0,0,0,79.14,46.94
Penthoraceae,0,1,0,2,1,0,1,0,3,1,0,0,64.67,10.616
Peridiscaceae,2,0,0,9,3,0,1,0,1,0,1,0,101.63,2.922
Petermanniaceae,0,0,0,1,0,0,1,0,2,1,1,0,71.39,0.281
Petrosaviaceae,0,0,0,4,0,0,1,0,3,1,0,0,120.42,1.236
Phellinaceae,0,0,0,1,0,0,1,0,1,0,1,0,55.01,0.017
Philesiaceae,0,0,0,2,0,0,1,0,3,0,1,0,63.33,0.212
Philydraceae,0,0,0,6,0,0,1,0,2,1,0,0,78.07,4.635
Phrymaceae,0,12,3,199,0,11,1,0,2,1,0,0,53.17,9.812
Phyllanthaceae,108,36,15,2099,176,22,1,1,2,0.5,0.5,0,73.49,88.501
Phyllonomaceae,0,0,0,5,0,0,1,0,1,0,1,0,81.22,1.114
Physenaceae,0,0,0,2,0,0,0,0,1,0,0,0,25.57,0.394
Phytolaccaceae,0,14,8,62,0,0,1,0,3,0.5,0.5,1,30.64,52.959
Picramniaceae,3,0,0,48,3,0,1,0,1,0,0.5,0,103.86,15.551
Picrodendraceae,5,0,0,96,7,0,1,0,1,0,1,0,71.83,43.868
Piperaceae,112,13,3,2658,130,0,1,0,2,0,1,1,80.45,58.838
Pittosporaceae,43,14,6,170,65,1,1,0,3,0,0.5,0,69.44,31.852
Plantaginaceae,8,228,60,1614,16,121,0,1,4,1,0,1,57.11,95.492
Platanaceae,1,4,2,9,2,1,0,0,1,0,0,0,126.14,1.634
Plocospermataceae,0,0,0,1,0,0,1,0,2,0,0,0,76.76,0.852
Plumbaginaceae,27,26,9,635,39,38,1,1,4,1,0.5,0,59.25,110.054
Poaceae,143,1233,490,11554,660,319,0,1,4,1,0.5,1,40.95,131.518
Podostemaceae,55,0,0,250,104,0,0,0,2,1,0,1,44.06,44.891
Polemoniaceae,0,36,6,455,4,27,1,0,3,0.5,0,1,75.74,52.972
Polygalaceae,18,15,1,1163,30,7,1,0,3,0.5,0.5,1,72.28,115.195
Polygonaceae,27,178,70,1384,59,199,0,1,4,0.5,0,1,59.25,128.172
Pontederiaceae,0,14,10,33,8,0,1,0,2,1,0,1,66.01,54.696
Portulacaceae,9,16,5,258,18,0,1,0,3,1,0,1,28.06,106.159
Posidoniaceae,1,1,0,10,8,0,0,0,2,1,1,0,,
Potamogetonaceae,4,14,7,186,47,82,0,1,4,1,0.5,0,49.7,119.921
Primulaceae,19,58,17,2788,54,130,1,0,4,1,0,1,36.69,101.043
Proteaceae,45,38,11,1252,57,3,1,0,3,0,0.5,0,126.14,40.374
Putranjivaceae,26,0,0,216,30,0,1,0,2,0,0.5,0,73.59,38.711
Quillajaceae,0,0,0,2,1,0,1,0,2,0,0,0,74.73,0.922
Rafflesiaceae,1,0,0,22,1,0,1,0,2,1,0.5,0,57.38,3.18
Ranunculaceae,23,158,51,2377,80,186,1,1,4,1,0.5,1,87.26,119.471
Rapateaceae,0,0,0,95,0,1,1,0,1,1,0,0,88.1,7.493
Resedaceae,0,8,5,51,2,1,1,0,2,1,0.5,1,43.45,29.508
Restionaceae,1,0,0,482,10,0,0,0,3,1,0,0,59.19,12.06
Rhabdodendraceae,0,0,0,3,0,0,1,0,1,0,0.5,0,83.63,2.988
Rhamnaceae,27,27,12,839,62,39,1,1,3,0,0.5,0,64.04,49.616
Rhipogonaceae,0,0,0,6,0,0,1,0,1.033506121,0,1,0,76.37,19.54
Rhizophoraceae,15,5,3,142,36,4,1,0,2,0,0.5,0,63.33,1.883
Roridulaceae,0,0,0,2,0,0,1,0,2,0,0,0,64.66,0.103
Rosaceae,245,585,198,4827,408,2755,1,1,4,0.5,0.5,1,72.98,126.897
Rousseaceae,0,0,0,14,0,0,1,0,2,0,1,0,77.41,1.489
Rubiaceae,550,148,46,13673,799,68,1,1,4,0,0.5,1,76.5,128.779
Ruppiaceae,0,1,1,8,5,0,0,0,2,1,0.5,1,49.7,5.674
Rutaceae,133,42,24,1730,158,34,1,1,3,0.5,0.5,0,53.37,98.994
Sabiaceae,4,0,0,116,12,0,1,0,2,0,1,0,127.16,21.275
Salicaceae,110,79,28,1269,237,404,0,1,2,0,0,0,58.04,125.63
Salvadoraceae,0,3,0,8,1,0,1,0,2,0,1,0,33.66,32.197
Santalaceae,14,4,4,992,23,2,1,0,3,0.5,0.5,0,114.5,97.711
Sapindaceae,128,62,31,1751,243,30,1,1,3,0.5,0.5,1,58.75,88.47
Sapotaceae,275,15,6,1343,372,1,1,0,1,0,1,0,93.14,47.251
Sarcobataceae,0,0,0,2,0,0,1,0,1,0,0,0,30.64,1.614
Sarcolaenaceae,16,0,0,69,27,0,1,0,1,0,0,0,67.47,0.529
Sarraceniaceae,2,5,1,32,7,36,1,0,3,1,0,0,72.92,5.559
Saururaceae,0,3,3,7,1,0,1,1,3,1,0.5,0,80.45,14.126
Saxifragaceae,7,24,4,775,21,243,1,0,2,1,0,1,70.85,66.628
Scheuchzeriaceae,0,0,0,1,0,0,0,0,2,1,0,0,102.77,16.246
Schisandraceae,6,1,0,73,6,0,1,0,3,0,1,0,135.41,11.522
Schlegeliaceae,1,0,0,43,3,0,1,0,2,0,0,0,42.63,5.774
Schoepfiaceae,2,0,0,51,3,0,1,0,3,1,1,0,75,15.06
Scrophulariaceae,77,73,22,1576,208,303,1,0,4,0.5,0.5,1,57.11,125.339
Setchellanthaceae,0,0,0,1,0,0,1,0,1,0,0,0,66.56,0.061
Simaroubaceae,8,3,2,121,11,0,1,0,2,0,0.5,0,49.35,60.312
Simmondsiaceae,0,0,0,2,0,0,1,0,1,0,0,0,69.55,0.939
Siparunaceae,7,0,0,61,8,0,1,0,1,0,1,0,109.46,15.754
Sladeniaceae,0,0,0,3,0,0,1,0,2,0,0,0,84.16,1.875
Smilacaceae,0,5,2,261,0,0,1,1,3,0.5,1,0,63.33,88.921
Solanaceae,74,248,109,2678,138,27,1,1,3,0.5,0.5,1,61.88,113.206
Sphaerosepalaceae,7,0,0,20,13,0,1,0,1,0,0,0,65.83,0.59
Sphenocleaceae,0,1,1,2,0,0,1,0,1,1,0,1,56.65,51.861
Stachyuraceae,0,0,0,7,0,0,1,0,3,0,1,0,31.89,3.326
Staphyleaceae,1,1,0,30,4,0,1,0,3,0,0.5,0,42.74,26.158
Stegnospermataceae,0,0,0,5,0,0,1,0,2,0,0,0,33.68,0.717
Stemonaceae,0,0,0,36,0,0,1,0,2,1,0,0,92.6,4.983
Stemonuraceae,4,0,0,71,8,0,1,0,2,0,0,0,90.15,26.728
Stilbaceae,0,1,0,38,1,0,1,0,2,0,0,0,57.11,0.15
Strasburgeriaceae,0,0,0,2,0,0,1,0,1,0,0.5,0,37.45,0.114
Strelitziaceae,0,3,1,7,0,1,1,0,2,0.5,0,0,65.83,12.079
Stylidiaceae,0,0,0,31,0,0,1,0,3,1,0.5,0,64.8,14.999
Styracaceae,17,4,0,133,22,0,1,0,3,0,0.5,0,60.78,27.418
Surianaceae,1,0,0,6,2,0,1,0,2,0,1,0,63.8,10.107
Symplocaceae,39,2,0,210,47,0,1,1,2,0,1,0,82.17,30.415
Talinaceae,0,2,2,28,0,0,1,0,3,1,0,0,100.71,21.751
Tamaricaceae,1,13,7,79,17,0,1,0,2,0,0,0,44.79,43.04
Tapisciaceae,2,0,0,6,2,0,1,0,2,0,0.5,0,92.72,4.901
Tecophilaeaceae,1,1,0,26,2,0,1,1,3,1,0,0,84.76,5.418
Tetrachondraceae,0,1,1,3,0,0,1,0,1,1,0,0,64.08,4.156
Tetramelaceae,0,0,0,1,0,0,1,0,1,0,0,0,56.99,6.17
Tetrameristaceae,0,0,0,2,0,0,1,0,1,0,1,0,65.43,2.197
Theaceae,90,3,4,370,183,7,1,0,2,0,0.5,0,82.17,42.278
Thomandersiaceae,0,0,0,1,0,0,1,0,1.034807478,0,1,0,39.73,2.337
Thurniaceae,0,0,0,4,0,0,0,0,1,1,0,0,57.2,1.733
Thymelaeaceae,49,12,3,938,71,49,1,1,3,0.5,0.5,1,72.42,92.822
Ticodendraceae,1,0,0,1,1,0,0,0,1,0,1,0,47.96,0.93
Tofieldiaceae,0,1,0,29,0,1,1,0,2,1,0,0,122.32,30.028
Torricelliaceae,4,0,0,8,7,0,1,0,1,0,0,0,63.3,0.711
Tovariaceae,0,0,0,2,0,0,1,0,2,1,1,1,49.16,8.253
Trigoniaceae,0,0,0,32,0,0,1,0,1,0,0.5,0,63.03,13.244
Trimeniaceae,0,0,0,1,0,0,1,0,2,0,1,0,135.41,0.966
Triuridaceae,2,0,0,54,2,0,1,0,1,1,0,1,111.58,10.513
Trochodendraceae,0,0,0,2,0,0,1,0,2,0,0,0,124.39,1.661
Tropaeolaceae,8,5,1,89,8,8,1,1,3,1,0.5,1,55.89,6.185
Typhaceae,0,11,5,65,21,15,0,0,3,1,0,0,83.56,98.56
Ulmaceae,10,10,6,64,19,9,1,0,3,0,0.5,0,52.39,86.658
Urticaceae,33,46,19,1465,59,10,0,1,3,0.5,0.5,1,25.23,125.917
Vahliaceae,0,0,0,5,0,0,1,0,3,1,0,1,85.47,30.952
Velloziaceae,1,0,0,278,3,1,1,0,2,1,0,0,92.6,20.016
Verbenaceae,19,66,30,1035,29,62,1,0,3,0.5,0.5,1,39.73,71.359
Violaceae,39,38,5,806,56,220,1,0,4,0.5,0.5,1,58.68,130.962
Vitaceae,4,35,21,985,12,5,1,0,3,0.5,1,0,112.35,98.683
Vivianiaceae,0,0,0,16,0,0,1,0,1,1,0,0,101.48,0.849
Vochysiaceae,4,0,0,215,4,0,1,0,1,0,0,0,77.97,16.263
Winteraceae,5,0,0,32,6,0,0,0,3,0,0.5,0,106.76,4.52
Xanthorrhoeaceae,0,32,11,1236,0,67,1,0,3,0.5,0,0,52.46,64.342
Xeronemataceae,0,0,0,2,0,0,1,0,2,1,0,0,72.38,0.024
Xyridaceae,11,4,0,387,31,1,1,0,2,1,0,1,65.19,42.821
Zingiberaceae,29,29,15,1587,134,7,1,0,2,1,0.5,0,66.49,41.815
Zosteraceae,6,2,0,23,19,0,0,0,4,1,0,0,,
Zygophyllaceae,8,11,7,211,12,1,1,1,3,0,0.5,1,94.24,102.581